model,val_accuracy,val_precision,val_recall,val_f1
capable-auk-759,0.3617165290374983,0.45865648308337253,0.4243445197517263,0.415685514710562
