model,val_accuracy,val_precision,val_recall,val_f1
carefree-kit-442,0.4659537024502504,0.5465792419287486,0.4528601957152704,0.4532592799387223
capable-auk-759,0.3617165290374983,0.45865648308337253,0.4243445197517263,0.415685514710562
